country,eez_percent_prot,coral_percent_prot,fish_reg_total,wgi_score
ANG,0,0,0.571428571,1.368333333
ANT,0.267000158,55.94057043,1,0.816666667
ARUB,0,0,0.571428571,1.286666667
BAH,4.451915739,8.958623241,0.714285714,0.841666667
BARB,0.006428703,0.11420028,0.714285714,1.153333333
BART,0.25329736,22.09807545,0.857142857,NA
BON,0.055359736,1.187594298,0.285714286,0.74
BVI,0.003707119,0.269941584,0.571428571,NA
CAY,0.078491586,35.13120581,1,1.031666667
CUB,4.090817495,31.93332134,0.857142857,-0.725
CUR,0.03997573,4.392049595,0.428571429,0.74
DMA,0.013632422,0.194361706,0.571428571,0.758333333
DOM,0.684185922,22.39096144,0.714285714,-0.266666667
EUST,0,0,0.571428571,0.74
GREN,0.809613808,36.73685832,0.714285714,0.386666667
GUAD,1.43546303,28.91825969,0.714285714,NA
HAIT,2.966784301,16.94350231,0.571428571,-1.065
JAM,0.679547055,15.9951609,0.714285714,0.036666667
KITTS,0,0,0.571428571,0.861666667
MAAR,6.70950101,0,0.428571429,0.74
MART,0.01575368,0.325544245,1,0.77
MONT,0,0,0.285714286,NA
PUER,1.765383131,17.56040934,0.857142857,0.555
SABA,0.092222018,0,0.428571429,0.74
SLUC,2.443149638,49.4804936,0.714285714,0.796666667
SMART,2.755183227,78.02373398,0.857142857,NA
TRIN,0.012329868,11.79671848,0.571428571,0.105
TURK,0.162601168,7.186090334,0.857142857,NA
USVI,0.05371612,4.356364515,1,0.9
VINC,0.226502867,43.35759885,0.714285714,0.833333333
